<?xml version="1.0" encoding="UTF-8"?>
<spirit:component xmlns:xilinx="http://www.xilinx.com" xmlns:spirit="http://www.spiritconsortium.org/XMLSchema/SPIRIT/1685-2009" xmlns:xsi="http://www.w3.org/2001/XMLSchema-instance">
  <spirit:vendor>user.org</spirit:vendor>
  <spirit:library>user</spirit:library>
  <spirit:name>matrix_multiplier</spirit:name>
  <spirit:version>1.0</spirit:version>
  <spirit:busInterfaces>
    <spirit:busInterface>
      <spirit:name>S00_AXI</spirit:name>
      <spirit:busType spirit:vendor="xilinx.com" spirit:library="interface" spirit:name="aximm" spirit:version="1.0"/>
      <spirit:abstractionType spirit:vendor="xilinx.com" spirit:library="interface" spirit:name="aximm_rtl" spirit:version="1.0"/>
      <spirit:slave>
        <spirit:memoryMapRef spirit:memoryMapRef="S00_AXI"/>
      </spirit:slave>
      <spirit:portMaps>
        <spirit:portMap>
          <spirit:logicalPort>
            <spirit:name>AWADDR</spirit:name>
          </spirit:logicalPort>
          <spirit:physicalPort>
            <spirit:name>s00_axi_awaddr</spirit:name>
          </spirit:physicalPort>
        </spirit:portMap>
        <spirit:portMap>
          <spirit:logicalPort>
            <spirit:name>AWPROT</spirit:name>
          </spirit:logicalPort>
          <spirit:physicalPort>
            <spirit:name>s00_axi_awprot</spirit:name>
          </spirit:physicalPort>
        </spirit:portMap>
        <spirit:portMap>
          <spirit:logicalPort>
            <spirit:name>AWVALID</spirit:name>
          </spirit:logicalPort>
          <spirit:physicalPort>
            <spirit:name>s00_axi_awvalid</spirit:name>
          </spirit:physicalPort>
        </spirit:portMap>
        <spirit:portMap>
          <spirit:logicalPort>
            <spirit:name>AWREADY</spirit:name>
          </spirit:logicalPort>
          <spirit:physicalPort>
            <spirit:name>s00_axi_awready</spirit:name>
          </spirit:physicalPort>
        </spirit:portMap>
        <spirit:portMap>
          <spirit:logicalPort>
            <spirit:name>WDATA</spirit:name>
          </spirit:logicalPort>
          <spirit:physicalPort>
            <spirit:name>s00_axi_wdata</spirit:name>
          </spirit:physicalPort>
        </spirit:portMap>
        <spirit:portMap>
          <spirit:logicalPort>
            <spirit:name>WSTRB</spirit:name>
          </spirit:logicalPort>
          <spirit:physicalPort>
            <spirit:name>s00_axi_wstrb</spirit:name>
          </spirit:physicalPort>
        </spirit:portMap>
        <spirit:portMap>
          <spirit:logicalPort>
            <spirit:name>WVALID</spirit:name>
          </spirit:logicalPort>
          <spirit:physicalPort>
            <spirit:name>s00_axi_wvalid</spirit:name>
          </spirit:physicalPort>
        </spirit:portMap>
        <spirit:portMap>
          <spirit:logicalPort>
            <spirit:name>WREADY</spirit:name>
          </spirit:logicalPort>
          <spirit:physicalPort>
            <spirit:name>s00_axi_wready</spirit:name>
          </spirit:physicalPort>
        </spirit:portMap>
        <spirit:portMap>
          <spirit:logicalPort>
            <spirit:name>BRESP</spirit:name>
          </spirit:logicalPort>
          <spirit:physicalPort>
            <spirit:name>s00_axi_bresp</spirit:name>
          </spirit:physicalPort>
        </spirit:portMap>
        <spirit:portMap>
          <spirit:logicalPort>
            <spirit:name>BVALID</spirit:name>
          </spirit:logicalPort>
          <spirit:physicalPort>
            <spirit:name>s00_axi_bvalid</spirit:name>
          </spirit:physicalPort>
        </spirit:portMap>
        <spirit:portMap>
          <spirit:logicalPort>
            <spirit:name>BREADY</spirit:name>
          </spirit:logicalPort>
          <spirit:physicalPort>
            <spirit:name>s00_axi_bready</spirit:name>
          </spirit:physicalPort>
        </spirit:portMap>
        <spirit:portMap>
          <spirit:logicalPort>
            <spirit:name>ARADDR</spirit:name>
          </spirit:logicalPort>
          <spirit:physicalPort>
            <spirit:name>s00_axi_araddr</spirit:name>
          </spirit:physicalPort>
        </spirit:portMap>
        <spirit:portMap>
          <spirit:logicalPort>
            <spirit:name>ARPROT</spirit:name>
          </spirit:logicalPort>
          <spirit:physicalPort>
            <spirit:name>s00_axi_arprot</spirit:name>
          </spirit:physicalPort>
        </spirit:portMap>
        <spirit:portMap>
          <spirit:logicalPort>
            <spirit:name>ARVALID</spirit:name>
          </spirit:logicalPort>
          <spirit:physicalPort>
            <spirit:name>s00_axi_arvalid</spirit:name>
          </spirit:physicalPort>
        </spirit:portMap>
        <spirit:portMap>
          <spirit:logicalPort>
            <spirit:name>ARREADY</spirit:name>
          </spirit:logicalPort>
          <spirit:physicalPort>
            <spirit:name>s00_axi_arready</spirit:name>
          </spirit:physicalPort>
        </spirit:portMap>
        <spirit:portMap>
          <spirit:logicalPort>
            <spirit:name>RDATA</spirit:name>
          </spirit:logicalPort>
          <spirit:physicalPort>
            <spirit:name>s00_axi_rdata</spirit:name>
          </spirit:physicalPort>
        </spirit:portMap>
        <spirit:portMap>
          <spirit:logicalPort>
            <spirit:name>RRESP</spirit:name>
          </spirit:logicalPort>
          <spirit:physicalPort>
            <spirit:name>s00_axi_rresp</spirit:name>
          </spirit:physicalPort>
        </spirit:portMap>
        <spirit:portMap>
          <spirit:logicalPort>
            <spirit:name>RVALID</spirit:name>
          </spirit:logicalPort>
          <spirit:physicalPort>
            <spirit:name>s00_axi_rvalid</spirit:name>
          </spirit:physicalPort>
        </spirit:portMap>
        <spirit:portMap>
          <spirit:logicalPort>
            <spirit:name>RREADY</spirit:name>
          </spirit:logicalPort>
          <spirit:physicalPort>
            <spirit:name>s00_axi_rready</spirit:name>
          </spirit:physicalPort>
        </spirit:portMap>
      </spirit:portMaps>
      <spirit:parameters>
        <spirit:parameter>
          <spirit:name>WIZ_DATA_WIDTH</spirit:name>
          <spirit:value spirit:format="long" spirit:id="BUSIFPARAM_VALUE.S00_AXI.WIZ_DATA_WIDTH" spirit:choiceRef="choice_list_6fc15197">32</spirit:value>
        </spirit:parameter>
        <spirit:parameter>
          <spirit:name>WIZ_NUM_REG</spirit:name>
          <spirit:value spirit:format="long" spirit:id="BUSIFPARAM_VALUE.S00_AXI.WIZ_NUM_REG" spirit:minimum="4" spirit:maximum="512" spirit:rangeType="long">5</spirit:value>
        </spirit:parameter>
        <spirit:parameter>
          <spirit:name>SUPPORTS_NARROW_BURST</spirit:name>
          <spirit:value spirit:format="long" spirit:id="BUSIFPARAM_VALUE.S00_AXI.SUPPORTS_NARROW_BURST" spirit:choiceRef="choice_pairs_ce1226b1">0</spirit:value>
        </spirit:parameter>
      </spirit:parameters>
    </spirit:busInterface>
    <spirit:busInterface>
      <spirit:name>s00_axi_aresetn</spirit:name>
      <spirit:busType spirit:vendor="xilinx.com" spirit:library="signal" spirit:name="reset" spirit:version="1.0"/>
      <spirit:abstractionType spirit:vendor="xilinx.com" spirit:library="signal" spirit:name="reset_rtl" spirit:version="1.0"/>
      <spirit:slave/>
      <spirit:portMaps>
        <spirit:portMap>
          <spirit:logicalPort>
            <spirit:name>RST</spirit:name>
          </spirit:logicalPort>
          <spirit:physicalPort>
            <spirit:name>s00_axi_aresetn</spirit:name>
          </spirit:physicalPort>
        </spirit:portMap>
      </spirit:portMaps>
      <spirit:parameters>
        <spirit:parameter>
          <spirit:name>POLARITY</spirit:name>
          <spirit:value spirit:id="BUSIFPARAM_VALUE.S00_AXI_ARESETN.POLARITY" spirit:choiceRef="choice_list_9d8b0d81">ACTIVE_LOW</spirit:value>
        </spirit:parameter>
      </spirit:parameters>
    </spirit:busInterface>
    <spirit:busInterface>
      <spirit:name>s00_axi_aclk</spirit:name>
      <spirit:busType spirit:vendor="xilinx.com" spirit:library="signal" spirit:name="clock" spirit:version="1.0"/>
      <spirit:abstractionType spirit:vendor="xilinx.com" spirit:library="signal" spirit:name="clock_rtl" spirit:version="1.0"/>
      <spirit:slave/>
      <spirit:portMaps>
        <spirit:portMap>
          <spirit:logicalPort>
            <spirit:name>CLK</spirit:name>
          </spirit:logicalPort>
          <spirit:physicalPort>
            <spirit:name>s00_axi_aclk</spirit:name>
          </spirit:physicalPort>
        </spirit:portMap>
      </spirit:portMaps>
      <spirit:parameters>
        <spirit:parameter>
          <spirit:name>ASSOCIATED_BUSIF</spirit:name>
          <spirit:value spirit:id="BUSIFPARAM_VALUE.S00_AXI_ACLK.ASSOCIATED_BUSIF">S00_AXI</spirit:value>
        </spirit:parameter>
        <spirit:parameter>
          <spirit:name>ASSOCIATED_RESET</spirit:name>
          <spirit:value spirit:id="BUSIFPARAM_VALUE.S00_AXI_ACLK.ASSOCIATED_RESET">s00_axi_aresetn</spirit:value>
        </spirit:parameter>
      </spirit:parameters>
    </spirit:busInterface>
  </spirit:busInterfaces>
  <spirit:memoryMaps>
    <spirit:memoryMap>
      <spirit:name>S00_AXI</spirit:name>
      <spirit:addressBlock>
        <spirit:name>S00_AXI_reg</spirit:name>
        <spirit:baseAddress spirit:format="long" spirit:resolve="user">0</spirit:baseAddress>
        <spirit:range spirit:format="long">4096</spirit:range>
        <spirit:width spirit:format="long">32</spirit:width>
        <spirit:usage>register</spirit:usage>
        <spirit:parameters>
          <spirit:parameter>
            <spirit:name>OFFSET_BASE_PARAM</spirit:name>
            <spirit:value spirit:id="ADDRBLOCKPARAM_VALUE.S00_AXI.S00_AXI_REG.OFFSET_BASE_PARAM">C_S00_AXI_BASEADDR</spirit:value>
          </spirit:parameter>
          <spirit:parameter>
            <spirit:name>OFFSET_HIGH_PARAM</spirit:name>
            <spirit:value spirit:id="ADDRBLOCKPARAM_VALUE.S00_AXI.S00_AXI_REG.OFFSET_HIGH_PARAM">C_S00_AXI_HIGHADDR</spirit:value>
          </spirit:parameter>
        </spirit:parameters>
      </spirit:addressBlock>
    </spirit:memoryMap>
  </spirit:memoryMaps>
  <spirit:model>
    <spirit:views>
      <spirit:view>
        <spirit:name>xilinx_vhdlsynthesis</spirit:name>
        <spirit:displayName>VHDL Synthesis</spirit:displayName>
        <spirit:envIdentifier>vhdlSource:vivado.xilinx.com:synthesis</spirit:envIdentifier>
        <spirit:language>vhdl</spirit:language>
        <spirit:modelName>matrix_multiplier_v1_0</spirit:modelName>
        <spirit:fileSetRef>
          <spirit:localName>xilinx_vhdlsynthesis_view_fileset</spirit:localName>
        </spirit:fileSetRef>
        <spirit:parameters>
          <spirit:parameter>
            <spirit:name>viewChecksum</spirit:name>
            <spirit:value>35e5e971</spirit:value>
          </spirit:parameter>
        </spirit:parameters>
      </spirit:view>
      <spirit:view>
        <spirit:name>xilinx_vhdlbehavioralsimulation</spirit:name>
        <spirit:displayName>VHDL Simulation</spirit:displayName>
        <spirit:envIdentifier>vhdlSource:vivado.xilinx.com:simulation</spirit:envIdentifier>
        <spirit:language>vhdl</spirit:language>
        <spirit:modelName>matrix_multiplier_v1_0</spirit:modelName>
        <spirit:fileSetRef>
          <spirit:localName>xilinx_vhdlbehavioralsimulation_view_fileset</spirit:localName>
        </spirit:fileSetRef>
        <spirit:parameters>
          <spirit:parameter>
            <spirit:name>viewChecksum</spirit:name>
            <spirit:value>35e5e971</spirit:value>
          </spirit:parameter>
        </spirit:parameters>
      </spirit:view>
      <spirit:view>
        <spirit:name>xilinx_xpgui</spirit:name>
        <spirit:displayName>UI Layout</spirit:displayName>
        <spirit:envIdentifier>:vivado.xilinx.com:xgui.ui</spirit:envIdentifier>
        <spirit:fileSetRef>
          <spirit:localName>xilinx_xpgui_view_fileset</spirit:localName>
        </spirit:fileSetRef>
        <spirit:parameters>
          <spirit:parameter>
            <spirit:name>viewChecksum</spirit:name>
            <spirit:value>080b65eb</spirit:value>
          </spirit:parameter>
        </spirit:parameters>
      </spirit:view>
      <spirit:view>
        <spirit:name>bd_tcl</spirit:name>
        <spirit:displayName>Block Diagram</spirit:displayName>
        <spirit:envIdentifier>:vivado.xilinx.com:block.diagram</spirit:envIdentifier>
        <spirit:fileSetRef>
          <spirit:localName>bd_tcl_view_fileset</spirit:localName>
        </spirit:fileSetRef>
        <spirit:parameters>
          <spirit:parameter>
            <spirit:name>viewChecksum</spirit:name>
            <spirit:value>45a2f450</spirit:value>
          </spirit:parameter>
        </spirit:parameters>
      </spirit:view>
    </spirit:views>
    <spirit:ports>
      <spirit:port>
        <spirit:name>s00_axi_aclk</spirit:name>
        <spirit:wire>
          <spirit:direction>in</spirit:direction>
          <spirit:wireTypeDefs>
            <spirit:wireTypeDef>
              <spirit:typeName>std_logic</spirit:typeName>
              <spirit:viewNameRef>xilinx_vhdlsynthesis</spirit:viewNameRef>
              <spirit:viewNameRef>xilinx_vhdlbehavioralsimulation</spirit:viewNameRef>
            </spirit:wireTypeDef>
          </spirit:wireTypeDefs>
        </spirit:wire>
      </spirit:port>
      <spirit:port>
        <spirit:name>s00_axi_aresetn</spirit:name>
        <spirit:wire>
          <spirit:direction>in</spirit:direction>
          <spirit:wireTypeDefs>
            <spirit:wireTypeDef>
              <spirit:typeName>std_logic</spirit:typeName>
              <spirit:viewNameRef>xilinx_vhdlsynthesis</spirit:viewNameRef>
              <spirit:viewNameRef>xilinx_vhdlbehavioralsimulation</spirit:viewNameRef>
            </spirit:wireTypeDef>
          </spirit:wireTypeDefs>
        </spirit:wire>
      </spirit:port>
      <spirit:port>
        <spirit:name>s00_axi_awaddr</spirit:name>
        <spirit:wire>
          <spirit:direction>in</spirit:direction>
          <spirit:vector>
            <spirit:left spirit:format="long" spirit:resolve="dependent" spirit:dependency="(spirit:decode(id(&apos;MODELPARAM_VALUE.C_S00_AXI_ADDR_WIDTH&apos;)) - 1)">4</spirit:left>
            <spirit:right spirit:format="long">0</spirit:right>
          </spirit:vector>
          <spirit:wireTypeDefs>
            <spirit:wireTypeDef>
              <spirit:typeName>std_logic_vector</spirit:typeName>
              <spirit:viewNameRef>xilinx_vhdlsynthesis</spirit:viewNameRef>
              <spirit:viewNameRef>xilinx_vhdlbehavioralsimulation</spirit:viewNameRef>
            </spirit:wireTypeDef>
          </spirit:wireTypeDefs>
        </spirit:wire>
      </spirit:port>
      <spirit:port>
        <spirit:name>s00_axi_awprot</spirit:name>
        <spirit:wire>
          <spirit:direction>in</spirit:direction>
          <spirit:vector>
            <spirit:left spirit:format="long">2</spirit:left>
            <spirit:right spirit:format="long">0</spirit:right>
          </spirit:vector>
          <spirit:wireTypeDefs>
            <spirit:wireTypeDef>
              <spirit:typeName>std_logic_vector</spirit:typeName>
              <spirit:viewNameRef>xilinx_vhdlsynthesis</spirit:viewNameRef>
              <spirit:viewNameRef>xilinx_vhdlbehavioralsimulation</spirit:viewNameRef>
            </spirit:wireTypeDef>
          </spirit:wireTypeDefs>
        </spirit:wire>
      </spirit:port>
      <spirit:port>
        <spirit:name>s00_axi_awvalid</spirit:name>
        <spirit:wire>
          <spirit:direction>in</spirit:direction>
          <spirit:wireTypeDefs>
            <spirit:wireTypeDef>
              <spirit:typeName>std_logic</spirit:typeName>
              <spirit:viewNameRef>xilinx_vhdlsynthesis</spirit:viewNameRef>
              <spirit:viewNameRef>xilinx_vhdlbehavioralsimulation</spirit:viewNameRef>
            </spirit:wireTypeDef>
          </spirit:wireTypeDefs>
        </spirit:wire>
      </spirit:port>
      <spirit:port>
        <spirit:name>s00_axi_awready</spirit:name>
        <spirit:wire>
          <spirit:direction>out</spirit:direction>
          <spirit:wireTypeDefs>
            <spirit:wireTypeDef>
              <spirit:typeName>std_logic</spirit:typeName>
              <spirit:viewNameRef>xilinx_vhdlsynthesis</spirit:viewNameRef>
              <spirit:viewNameRef>xilinx_vhdlbehavioralsimulation</spirit:viewNameRef>
            </spirit:wireTypeDef>
          </spirit:wireTypeDefs>
        </spirit:wire>
      </spirit:port>
      <spirit:port>
        <spirit:name>s00_axi_wdata</spirit:name>
        <spirit:wire>
          <spirit:direction>in</spirit:direction>
          <spirit:vector>
            <spirit:left spirit:format="long" spirit:resolve="dependent" spirit:dependency="(spirit:decode(id(&apos;MODELPARAM_VALUE.C_S00_AXI_DATA_WIDTH&apos;)) - 1)">31</spirit:left>
            <spirit:right spirit:format="long">0</spirit:right>
          </spirit:vector>
          <spirit:wireTypeDefs>
            <spirit:wireTypeDef>
              <spirit:typeName>std_logic_vector</spirit:typeName>
              <spirit:viewNameRef>xilinx_vhdlsynthesis</spirit:viewNameRef>
              <spirit:viewNameRef>xilinx_vhdlbehavioralsimulation</spirit:viewNameRef>
            </spirit:wireTypeDef>
          </spirit:wireTypeDefs>
        </spirit:wire>
      </spirit:port>
      <spirit:port>
        <spirit:name>s00_axi_wstrb</spirit:name>
        <spirit:wire>
          <spirit:direction>in</spirit:direction>
          <spirit:vector>
            <spirit:left spirit:format="long" spirit:resolve="dependent" spirit:dependency="((spirit:decode(id(&apos;MODELPARAM_VALUE.C_S00_AXI_DATA_WIDTH&apos;)) / 8) - 1)">3</spirit:left>
            <spirit:right spirit:format="long">0</spirit:right>
          </spirit:vector>
          <spirit:wireTypeDefs>
            <spirit:wireTypeDef>
              <spirit:typeName>std_logic_vector</spirit:typeName>
              <spirit:viewNameRef>xilinx_vhdlsynthesis</spirit:viewNameRef>
              <spirit:viewNameRef>xilinx_vhdlbehavioralsimulation</spirit:viewNameRef>
            </spirit:wireTypeDef>
          </spirit:wireTypeDefs>
        </spirit:wire>
      </spirit:port>
      <spirit:port>
        <spirit:name>s00_axi_wvalid</spirit:name>
        <spirit:wire>
          <spirit:direction>in</spirit:direction>
          <spirit:wireTypeDefs>
            <spirit:wireTypeDef>
              <spirit:typeName>std_logic</spirit:typeName>
              <spirit:viewNameRef>xilinx_vhdlsynthesis</spirit:viewNameRef>
              <spirit:viewNameRef>xilinx_vhdlbehavioralsimulation</spirit:viewNameRef>
            </spirit:wireTypeDef>
          </spirit:wireTypeDefs>
        </spirit:wire>
      </spirit:port>
      <spirit:port>
        <spirit:name>s00_axi_wready</spirit:name>
        <spirit:wire>
          <spirit:direction>out</spirit:direction>
          <spirit:wireTypeDefs>
            <spirit:wireTypeDef>
              <spirit:typeName>std_logic</spirit:typeName>
              <spirit:viewNameRef>xilinx_vhdlsynthesis</spirit:viewNameRef>
              <spirit:viewNameRef>xilinx_vhdlbehavioralsimulation</spirit:viewNameRef>
            </spirit:wireTypeDef>
          </spirit:wireTypeDefs>
        </spirit:wire>
      </spirit:port>
      <spirit:port>
        <spirit:name>s00_axi_bresp</spirit:name>
        <spirit:wire>
          <spirit:direction>out</spirit:direction>
          <spirit:vector>
            <spirit:left spirit:format="long">1</spirit:left>
            <spirit:right spirit:format="long">0</spirit:right>
          </spirit:vector>
          <spirit:wireTypeDefs>
            <spirit:wireTypeDef>
              <spirit:typeName>std_logic_vector</spirit:typeName>
              <spirit:viewNameRef>xilinx_vhdlsynthesis</spirit:viewNameRef>
              <spirit:viewNameRef>xilinx_vhdlbehavioralsimulation</spirit:viewNameRef>
            </spirit:wireTypeDef>
          </spirit:wireTypeDefs>
        </spirit:wire>
      </spirit:port>
      <spirit:port>
        <spirit:name>s00_axi_bvalid</spirit:name>
        <spirit:wire>
          <spirit:direction>out</spirit:direction>
          <spirit:wireTypeDefs>
            <spirit:wireTypeDef>
              <spirit:typeName>std_logic</spirit:typeName>
              <spirit:viewNameRef>xilinx_vhdlsynthesis</spirit:viewNameRef>
              <spirit:viewNameRef>xilinx_vhdlbehavioralsimulation</spirit:viewNameRef>
            </spirit:wireTypeDef>
          </spirit:wireTypeDefs>
        </spirit:wire>
      </spirit:port>
      <spirit:port>
        <spirit:name>s00_axi_bready</spirit:name>
        <spirit:wire>
          <spirit:direction>in</spirit:direction>
          <spirit:wireTypeDefs>
            <spirit:wireTypeDef>
              <spirit:typeName>std_logic</spirit:typeName>
              <spirit:viewNameRef>xilinx_vhdlsynthesis</spirit:viewNameRef>
              <spirit:viewNameRef>xilinx_vhdlbehavioralsimulation</spirit:viewNameRef>
            </spirit:wireTypeDef>
          </spirit:wireTypeDefs>
        </spirit:wire>
      </spirit:port>
      <spirit:port>
        <spirit:name>s00_axi_araddr</spirit:name>
        <spirit:wire>
          <spirit:direction>in</spirit:direction>
          <spirit:vector>
            <spirit:left spirit:format="long" spirit:resolve="dependent" spirit:dependency="(spirit:decode(id(&apos;MODELPARAM_VALUE.C_S00_AXI_ADDR_WIDTH&apos;)) - 1)">4</spirit:left>
            <spirit:right spirit:format="long">0</spirit:right>
          </spirit:vector>
          <spirit:wireTypeDefs>
            <spirit:wireTypeDef>
              <spirit:typeName>std_logic_vector</spirit:typeName>
              <spirit:viewNameRef>xilinx_vhdlsynthesis</spirit:viewNameRef>
              <spirit:viewNameRef>xilinx_vhdlbehavioralsimulation</spirit:viewNameRef>
            </spirit:wireTypeDef>
          </spirit:wireTypeDefs>
        </spirit:wire>
      </spirit:port>
      <spirit:port>
        <spirit:name>s00_axi_arprot</spirit:name>
        <spirit:wire>
          <spirit:direction>in</spirit:direction>
          <spirit:vector>
            <spirit:left spirit:format="long">2</spirit:left>
            <spirit:right spirit:format="long">0</spirit:right>
          </spirit:vector>
          <spirit:wireTypeDefs>
            <spirit:wireTypeDef>
              <spirit:typeName>std_logic_vector</spirit:typeName>
              <spirit:viewNameRef>xilinx_vhdlsynthesis</spirit:viewNameRef>
              <spirit:viewNameRef>xilinx_vhdlbehavioralsimulation</spirit:viewNameRef>
            </spirit:wireTypeDef>
          </spirit:wireTypeDefs>
        </spirit:wire>
      </spirit:port>
      <spirit:port>
        <spirit:name>s00_axi_arvalid</spirit:name>
        <spirit:wire>
          <spirit:direction>in</spirit:direction>
          <spirit:wireTypeDefs>
            <spirit:wireTypeDef>
              <spirit:typeName>std_logic</spirit:typeName>
              <spirit:viewNameRef>xilinx_vhdlsynthesis</spirit:viewNameRef>
              <spirit:viewNameRef>xilinx_vhdlbehavioralsimulation</spirit:viewNameRef>
            </spirit:wireTypeDef>
          </spirit:wireTypeDefs>
        </spirit:wire>
      </spirit:port>
      <spirit:port>
        <spirit:name>s00_axi_arready</spirit:name>
        <spirit:wire>
          <spirit:direction>out</spirit:direction>
          <spirit:wireTypeDefs>
            <spirit:wireTypeDef>
              <spirit:typeName>std_logic</spirit:typeName>
              <spirit:viewNameRef>xilinx_vhdlsynthesis</spirit:viewNameRef>
              <spirit:viewNameRef>xilinx_vhdlbehavioralsimulation</spirit:viewNameRef>
            </spirit:wireTypeDef>
          </spirit:wireTypeDefs>
        </spirit:wire>
      </spirit:port>
      <spirit:port>
        <spirit:name>s00_axi_rdata</spirit:name>
        <spirit:wire>
          <spirit:direction>out</spirit:direction>
          <spirit:vector>
            <spirit:left spirit:format="long" spirit:resolve="dependent" spirit:dependency="(spirit:decode(id(&apos;MODELPARAM_VALUE.C_S00_AXI_DATA_WIDTH&apos;)) - 1)">31</spirit:left>
            <spirit:right spirit:format="long">0</spirit:right>
          </spirit:vector>
          <spirit:wireTypeDefs>
            <spirit:wireTypeDef>
              <spirit:typeName>std_logic_vector</spirit:typeName>
              <spirit:viewNameRef>xilinx_vhdlsynthesis</spirit:viewNameRef>
              <spirit:viewNameRef>xilinx_vhdlbehavioralsimulation</spirit:viewNameRef>
            </spirit:wireTypeDef>
          </spirit:wireTypeDefs>
        </spirit:wire>
      </spirit:port>
      <spirit:port>
        <spirit:name>s00_axi_rresp</spirit:name>
        <spirit:wire>
          <spirit:direction>out</spirit:direction>
          <spirit:vector>
            <spirit:left spirit:format="long">1</spirit:left>
            <spirit:right spirit:format="long">0</spirit:right>
          </spirit:vector>
          <spirit:wireTypeDefs>
            <spirit:wireTypeDef>
              <spirit:typeName>std_logic_vector</spirit:typeName>
              <spirit:viewNameRef>xilinx_vhdlsynthesis</spirit:viewNameRef>
              <spirit:viewNameRef>xilinx_vhdlbehavioralsimulation</spirit:viewNameRef>
            </spirit:wireTypeDef>
          </spirit:wireTypeDefs>
        </spirit:wire>
      </spirit:port>
      <spirit:port>
        <spirit:name>s00_axi_rvalid</spirit:name>
        <spirit:wire>
          <spirit:direction>out</spirit:direction>
          <spirit:wireTypeDefs>
            <spirit:wireTypeDef>
              <spirit:typeName>std_logic</spirit:typeName>
              <spirit:viewNameRef>xilinx_vhdlsynthesis</spirit:viewNameRef>
              <spirit:viewNameRef>xilinx_vhdlbehavioralsimulation</spirit:viewNameRef>
            </spirit:wireTypeDef>
          </spirit:wireTypeDefs>
        </spirit:wire>
      </spirit:port>
      <spirit:port>
        <spirit:name>s00_axi_rready</spirit:name>
        <spirit:wire>
          <spirit:direction>in</spirit:direction>
          <spirit:wireTypeDefs>
            <spirit:wireTypeDef>
              <spirit:typeName>std_logic</spirit:typeName>
              <spirit:viewNameRef>xilinx_vhdlsynthesis</spirit:viewNameRef>
              <spirit:viewNameRef>xilinx_vhdlbehavioralsimulation</spirit:viewNameRef>
            </spirit:wireTypeDef>
          </spirit:wireTypeDefs>
        </spirit:wire>
      </spirit:port>
      <spirit:port>
        <spirit:name>a_addr_o</spirit:name>
        <spirit:wire>
          <spirit:direction>out</spirit:direction>
          <spirit:vector>
            <spirit:left spirit:format="long" spirit:resolve="dependent" spirit:dependency="(spirit:decode(id(&apos;MODELPARAM_VALUE.C_S00_AXI_DATA_WIDTH&apos;)) - 1)">31</spirit:left>
            <spirit:right spirit:format="long">0</spirit:right>
          </spirit:vector>
          <spirit:wireTypeDefs>
            <spirit:wireTypeDef>
              <spirit:typeName>std_logic_vector</spirit:typeName>
              <spirit:viewNameRef>xilinx_vhdlsynthesis</spirit:viewNameRef>
              <spirit:viewNameRef>xilinx_vhdlbehavioralsimulation</spirit:viewNameRef>
            </spirit:wireTypeDef>
          </spirit:wireTypeDefs>
        </spirit:wire>
      </spirit:port>
      <spirit:port>
        <spirit:name>a_data_i</spirit:name>
        <spirit:wire>
          <spirit:direction>in</spirit:direction>
          <spirit:vector>
            <spirit:left spirit:format="long" spirit:resolve="dependent" spirit:dependency="(spirit:decode(id(&apos;MODELPARAM_VALUE.C_S00_AXI_DATA_WIDTH&apos;)) - 1)">31</spirit:left>
            <spirit:right spirit:format="long">0</spirit:right>
          </spirit:vector>
          <spirit:wireTypeDefs>
            <spirit:wireTypeDef>
              <spirit:typeName>std_logic_vector</spirit:typeName>
              <spirit:viewNameRef>xilinx_vhdlsynthesis</spirit:viewNameRef>
              <spirit:viewNameRef>xilinx_vhdlbehavioralsimulation</spirit:viewNameRef>
            </spirit:wireTypeDef>
          </spirit:wireTypeDefs>
        </spirit:wire>
      </spirit:port>
      <spirit:port>
        <spirit:name>a_wr_o</spirit:name>
        <spirit:wire>
          <spirit:direction>out</spirit:direction>
          <spirit:vector>
            <spirit:left spirit:format="long">3</spirit:left>
            <spirit:right spirit:format="long">0</spirit:right>
          </spirit:vector>
          <spirit:wireTypeDefs>
            <spirit:wireTypeDef>
              <spirit:typeName>std_logic_vector</spirit:typeName>
              <spirit:viewNameRef>xilinx_vhdlsynthesis</spirit:viewNameRef>
              <spirit:viewNameRef>xilinx_vhdlbehavioralsimulation</spirit:viewNameRef>
            </spirit:wireTypeDef>
          </spirit:wireTypeDefs>
        </spirit:wire>
      </spirit:port>
      <spirit:port>
        <spirit:name>a_en_o</spirit:name>
        <spirit:wire>
          <spirit:direction>out</spirit:direction>
          <spirit:wireTypeDefs>
            <spirit:wireTypeDef>
              <spirit:typeName>std_logic</spirit:typeName>
              <spirit:viewNameRef>xilinx_vhdlsynthesis</spirit:viewNameRef>
              <spirit:viewNameRef>xilinx_vhdlbehavioralsimulation</spirit:viewNameRef>
            </spirit:wireTypeDef>
          </spirit:wireTypeDefs>
        </spirit:wire>
      </spirit:port>
      <spirit:port>
        <spirit:name>b_addr_o</spirit:name>
        <spirit:wire>
          <spirit:direction>out</spirit:direction>
          <spirit:vector>
            <spirit:left spirit:format="long" spirit:resolve="dependent" spirit:dependency="(spirit:decode(id(&apos;MODELPARAM_VALUE.C_S00_AXI_DATA_WIDTH&apos;)) - 1)">31</spirit:left>
            <spirit:right spirit:format="long">0</spirit:right>
          </spirit:vector>
          <spirit:wireTypeDefs>
            <spirit:wireTypeDef>
              <spirit:typeName>std_logic_vector</spirit:typeName>
              <spirit:viewNameRef>xilinx_vhdlsynthesis</spirit:viewNameRef>
              <spirit:viewNameRef>xilinx_vhdlbehavioralsimulation</spirit:viewNameRef>
            </spirit:wireTypeDef>
          </spirit:wireTypeDefs>
        </spirit:wire>
      </spirit:port>
      <spirit:port>
        <spirit:name>b_data_i</spirit:name>
        <spirit:wire>
          <spirit:direction>in</spirit:direction>
          <spirit:vector>
            <spirit:left spirit:format="long" spirit:resolve="dependent" spirit:dependency="(spirit:decode(id(&apos;MODELPARAM_VALUE.C_S00_AXI_DATA_WIDTH&apos;)) - 1)">31</spirit:left>
            <spirit:right spirit:format="long">0</spirit:right>
          </spirit:vector>
          <spirit:wireTypeDefs>
            <spirit:wireTypeDef>
              <spirit:typeName>std_logic_vector</spirit:typeName>
              <spirit:viewNameRef>xilinx_vhdlsynthesis</spirit:viewNameRef>
              <spirit:viewNameRef>xilinx_vhdlbehavioralsimulation</spirit:viewNameRef>
            </spirit:wireTypeDef>
          </spirit:wireTypeDefs>
        </spirit:wire>
      </spirit:port>
      <spirit:port>
        <spirit:name>b_wr_o</spirit:name>
        <spirit:wire>
          <spirit:direction>out</spirit:direction>
          <spirit:vector>
            <spirit:left spirit:format="long">3</spirit:left>
            <spirit:right spirit:format="long">0</spirit:right>
          </spirit:vector>
          <spirit:wireTypeDefs>
            <spirit:wireTypeDef>
              <spirit:typeName>std_logic_vector</spirit:typeName>
              <spirit:viewNameRef>xilinx_vhdlsynthesis</spirit:viewNameRef>
              <spirit:viewNameRef>xilinx_vhdlbehavioralsimulation</spirit:viewNameRef>
            </spirit:wireTypeDef>
          </spirit:wireTypeDefs>
        </spirit:wire>
      </spirit:port>
      <spirit:port>
        <spirit:name>b_en_o</spirit:name>
        <spirit:wire>
          <spirit:direction>out</spirit:direction>
          <spirit:wireTypeDefs>
            <spirit:wireTypeDef>
              <spirit:typeName>std_logic</spirit:typeName>
              <spirit:viewNameRef>xilinx_vhdlsynthesis</spirit:viewNameRef>
              <spirit:viewNameRef>xilinx_vhdlbehavioralsimulation</spirit:viewNameRef>
            </spirit:wireTypeDef>
          </spirit:wireTypeDefs>
        </spirit:wire>
      </spirit:port>
      <spirit:port>
        <spirit:name>c_addr_o</spirit:name>
        <spirit:wire>
          <spirit:direction>out</spirit:direction>
          <spirit:vector>
            <spirit:left spirit:format="long" spirit:resolve="dependent" spirit:dependency="(spirit:decode(id(&apos;MODELPARAM_VALUE.C_S00_AXI_DATA_WIDTH&apos;)) - 1)">31</spirit:left>
            <spirit:right spirit:format="long">0</spirit:right>
          </spirit:vector>
          <spirit:wireTypeDefs>
            <spirit:wireTypeDef>
              <spirit:typeName>std_logic_vector</spirit:typeName>
              <spirit:viewNameRef>xilinx_vhdlsynthesis</spirit:viewNameRef>
              <spirit:viewNameRef>xilinx_vhdlbehavioralsimulation</spirit:viewNameRef>
            </spirit:wireTypeDef>
          </spirit:wireTypeDefs>
        </spirit:wire>
      </spirit:port>
      <spirit:port>
        <spirit:name>c_data_o</spirit:name>
        <spirit:wire>
          <spirit:direction>out</spirit:direction>
          <spirit:vector>
            <spirit:left spirit:format="long" spirit:resolve="dependent" spirit:dependency="(spirit:decode(id(&apos;MODELPARAM_VALUE.C_S00_AXI_DATA_WIDTH&apos;)) - 1)">31</spirit:left>
            <spirit:right spirit:format="long">0</spirit:right>
          </spirit:vector>
          <spirit:wireTypeDefs>
            <spirit:wireTypeDef>
              <spirit:typeName>std_logic_vector</spirit:typeName>
              <spirit:viewNameRef>xilinx_vhdlsynthesis</spirit:viewNameRef>
              <spirit:viewNameRef>xilinx_vhdlbehavioralsimulation</spirit:viewNameRef>
            </spirit:wireTypeDef>
          </spirit:wireTypeDefs>
        </spirit:wire>
      </spirit:port>
      <spirit:port>
        <spirit:name>c_wr_o</spirit:name>
        <spirit:wire>
          <spirit:direction>out</spirit:direction>
          <spirit:vector>
            <spirit:left spirit:format="long">3</spirit:left>
            <spirit:right spirit:format="long">0</spirit:right>
          </spirit:vector>
          <spirit:wireTypeDefs>
            <spirit:wireTypeDef>
              <spirit:typeName>std_logic_vector</spirit:typeName>
              <spirit:viewNameRef>xilinx_vhdlsynthesis</spirit:viewNameRef>
              <spirit:viewNameRef>xilinx_vhdlbehavioralsimulation</spirit:viewNameRef>
            </spirit:wireTypeDef>
          </spirit:wireTypeDefs>
        </spirit:wire>
      </spirit:port>
      <spirit:port>
        <spirit:name>c_en_o</spirit:name>
        <spirit:wire>
          <spirit:direction>out</spirit:direction>
          <spirit:wireTypeDefs>
            <spirit:wireTypeDef>
              <spirit:typeName>std_logic</spirit:typeName>
              <spirit:viewNameRef>xilinx_vhdlsynthesis</spirit:viewNameRef>
              <spirit:viewNameRef>xilinx_vhdlbehavioralsimulation</spirit:viewNameRef>
            </spirit:wireTypeDef>
          </spirit:wireTypeDefs>
        </spirit:wire>
      </spirit:port>
    </spirit:ports>
    <spirit:modelParameters>
      <spirit:modelParameter xsi:type="spirit:nameValueTypeType" spirit:dataType="integer">
        <spirit:name>C_S00_AXI_DATA_WIDTH</spirit:name>
        <spirit:displayName>C S00 AXI DATA WIDTH</spirit:displayName>
        <spirit:description>Width of S_AXI data bus</spirit:description>
        <spirit:value spirit:format="long" spirit:resolve="generated" spirit:id="MODELPARAM_VALUE.C_S00_AXI_DATA_WIDTH" spirit:order="3" spirit:rangeType="long">32</spirit:value>
      </spirit:modelParameter>
      <spirit:modelParameter spirit:dataType="integer">
        <spirit:name>C_S00_AXI_ADDR_WIDTH</spirit:name>
        <spirit:displayName>C S00 AXI ADDR WIDTH</spirit:displayName>
        <spirit:description>Width of S_AXI address bus</spirit:description>
        <spirit:value spirit:format="long" spirit:resolve="generated" spirit:id="MODELPARAM_VALUE.C_S00_AXI_ADDR_WIDTH" spirit:order="4" spirit:rangeType="long">5</spirit:value>
      </spirit:modelParameter>
    </spirit:modelParameters>
  </spirit:model>
  <spirit:choices>
    <spirit:choice>
      <spirit:name>choice_list_6fc15197</spirit:name>
      <spirit:enumeration>32</spirit:enumeration>
    </spirit:choice>
    <spirit:choice>
      <spirit:name>choice_list_9d8b0d81</spirit:name>
      <spirit:enumeration>ACTIVE_HIGH</spirit:enumeration>
      <spirit:enumeration>ACTIVE_LOW</spirit:enumeration>
    </spirit:choice>
    <spirit:choice>
      <spirit:name>choice_pairs_ce1226b1</spirit:name>
      <spirit:enumeration spirit:text="true">1</spirit:enumeration>
      <spirit:enumeration spirit:text="false">0</spirit:enumeration>
    </spirit:choice>
  </spirit:choices>
  <spirit:fileSets>
    <spirit:fileSet>
      <spirit:name>xilinx_vhdlsynthesis_view_fileset</spirit:name>
      <spirit:file>
        <spirit:name>src/util_pkg.vhd</spirit:name>
        <spirit:fileType>vhdlSource</spirit:fileType>
        <spirit:logicalName>work</spirit:logicalName>
      </spirit:file>
      <spirit:file>
        <spirit:name>src/matrix_mult.vhd</spirit:name>
        <spirit:fileType>vhdlSource</spirit:fileType>
        <spirit:logicalName>work</spirit:logicalName>
      </spirit:file>
      <spirit:file>
        <spirit:name>hdl/matrix_multiplier_v1_0_S00_AXI.vhd</spirit:name>
        <spirit:fileType>vhdlSource</spirit:fileType>
      </spirit:file>
      <spirit:file>
        <spirit:name>hdl/matrix_multiplier_v1_0.vhd</spirit:name>
        <spirit:fileType>vhdlSource</spirit:fileType>
        <spirit:userFileType>CHECKSUM_98bf64c7</spirit:userFileType>
      </spirit:file>
    </spirit:fileSet>
    <spirit:fileSet>
      <spirit:name>xilinx_vhdlbehavioralsimulation_view_fileset</spirit:name>
      <spirit:file>
        <spirit:name>src/util_pkg.vhd</spirit:name>
        <spirit:fileType>vhdlSource</spirit:fileType>
        <spirit:logicalName>work</spirit:logicalName>
      </spirit:file>
      <spirit:file>
        <spirit:name>src/matrix_mult.vhd</spirit:name>
        <spirit:fileType>vhdlSource</spirit:fileType>
        <spirit:logicalName>work</spirit:logicalName>
      </spirit:file>
      <spirit:file>
        <spirit:name>hdl/matrix_multiplier_v1_0_S00_AXI.vhd</spirit:name>
        <spirit:fileType>vhdlSource</spirit:fileType>
      </spirit:file>
      <spirit:file>
        <spirit:name>hdl/matrix_multiplier_v1_0.vhd</spirit:name>
        <spirit:fileType>vhdlSource</spirit:fileType>
      </spirit:file>
    </spirit:fileSet>
    <spirit:fileSet>
      <spirit:name>xilinx_xpgui_view_fileset</spirit:name>
      <spirit:file>
        <spirit:name>xgui/matrix_multiplier_v1_0.tcl</spirit:name>
        <spirit:fileType>tclSource</spirit:fileType>
        <spirit:userFileType>CHECKSUM_080b65eb</spirit:userFileType>
        <spirit:userFileType>XGUI_VERSION_2</spirit:userFileType>
      </spirit:file>
    </spirit:fileSet>
    <spirit:fileSet>
      <spirit:name>bd_tcl_view_fileset</spirit:name>
      <spirit:file>
        <spirit:name>bd/bd.tcl</spirit:name>
        <spirit:fileType>tclSource</spirit:fileType>
      </spirit:file>
    </spirit:fileSet>
  </spirit:fileSets>
  <spirit:description>My new AXI IP</spirit:description>
  <spirit:parameters>
    <spirit:parameter>
      <spirit:name>C_S00_AXI_DATA_WIDTH</spirit:name>
      <spirit:displayName>C S00 AXI DATA WIDTH</spirit:displayName>
      <spirit:description>Width of S_AXI data bus</spirit:description>
      <spirit:value spirit:format="long" spirit:resolve="user" spirit:id="PARAM_VALUE.C_S00_AXI_DATA_WIDTH" spirit:choiceRef="choice_list_6fc15197" spirit:order="3">32</spirit:value>
      <spirit:vendorExtensions>
        <xilinx:parameterInfo>
          <xilinx:enablement>
            <xilinx:isEnabled xilinx:id="PARAM_ENABLEMENT.C_S00_AXI_DATA_WIDTH">false</xilinx:isEnabled>
          </xilinx:enablement>
        </xilinx:parameterInfo>
      </spirit:vendorExtensions>
    </spirit:parameter>
    <spirit:parameter>
      <spirit:name>C_S00_AXI_ADDR_WIDTH</spirit:name>
      <spirit:displayName>C S00 AXI ADDR WIDTH</spirit:displayName>
      <spirit:description>Width of S_AXI address bus</spirit:description>
      <spirit:value spirit:format="long" spirit:resolve="user" spirit:id="PARAM_VALUE.C_S00_AXI_ADDR_WIDTH" spirit:order="4" spirit:rangeType="long">5</spirit:value>
      <spirit:vendorExtensions>
        <xilinx:parameterInfo>
          <xilinx:enablement>
            <xilinx:isEnabled xilinx:id="PARAM_ENABLEMENT.C_S00_AXI_ADDR_WIDTH">false</xilinx:isEnabled>
          </xilinx:enablement>
        </xilinx:parameterInfo>
      </spirit:vendorExtensions>
    </spirit:parameter>
    <spirit:parameter>
      <spirit:name>C_S00_AXI_BASEADDR</spirit:name>
      <spirit:displayName>C S00 AXI BASEADDR</spirit:displayName>
      <spirit:value spirit:format="bitString" spirit:resolve="user" spirit:id="PARAM_VALUE.C_S00_AXI_BASEADDR" spirit:order="5" spirit:bitStringLength="32">0xFFFFFFFF</spirit:value>
      <spirit:vendorExtensions>
        <xilinx:parameterInfo>
          <xilinx:enablement>
            <xilinx:isEnabled xilinx:id="PARAM_ENABLEMENT.C_S00_AXI_BASEADDR">false</xilinx:isEnabled>
          </xilinx:enablement>
        </xilinx:parameterInfo>
      </spirit:vendorExtensions>
    </spirit:parameter>
    <spirit:parameter>
      <spirit:name>C_S00_AXI_HIGHADDR</spirit:name>
      <spirit:displayName>C S00 AXI HIGHADDR</spirit:displayName>
      <spirit:value spirit:format="bitString" spirit:resolve="user" spirit:id="PARAM_VALUE.C_S00_AXI_HIGHADDR" spirit:order="6" spirit:bitStringLength="32">0x00000000</spirit:value>
      <spirit:vendorExtensions>
        <xilinx:parameterInfo>
          <xilinx:enablement>
            <xilinx:isEnabled xilinx:id="PARAM_ENABLEMENT.C_S00_AXI_HIGHADDR">false</xilinx:isEnabled>
          </xilinx:enablement>
        </xilinx:parameterInfo>
      </spirit:vendorExtensions>
    </spirit:parameter>
    <spirit:parameter>
      <spirit:name>Component_Name</spirit:name>
      <spirit:value spirit:resolve="user" spirit:id="PARAM_VALUE.Component_Name" spirit:order="1">matrix_multiplier_v1_0</spirit:value>
    </spirit:parameter>
  </spirit:parameters>
  <spirit:vendorExtensions>
    <xilinx:coreExtensions>
      <xilinx:supportedFamilies>
        <xilinx:family xilinx:lifeCycle="Pre-Production">zynq</xilinx:family>
      </xilinx:supportedFamilies>
      <xilinx:taxonomies>
        <xilinx:taxonomy>AXI_Peripheral</xilinx:taxonomy>
      </xilinx:taxonomies>
      <xilinx:displayName>matrix_multiplier_v1.0</xilinx:displayName>
      <xilinx:coreRevision>4</xilinx:coreRevision>
      <xilinx:coreCreationDateTime>2021-03-07T18:10:47Z</xilinx:coreCreationDateTime>
      <xilinx:tags>
        <xilinx:tag xilinx:name="ui.data.coregen.dd@7932db85_ARCHIVE_LOCATION">/home/fouste/Uni/Vivado/ip_repo/matrix_multiplier_1.0</xilinx:tag>
        <xilinx:tag xilinx:name="ui.data.coregen.dd@4005a182_ARCHIVE_LOCATION">/home/fouste/Uni/Vivado/ip_repo/matrix_multiplier_1.0</xilinx:tag>
        <xilinx:tag xilinx:name="ui.data.coregen.dd@6f3b305b_ARCHIVE_LOCATION">/home/fouste/Uni/Vivado/ip_repo/matrix_multiplier_1.0</xilinx:tag>
        <xilinx:tag xilinx:name="ui.data.coregen.dd@76a7e3_ARCHIVE_LOCATION">/home/fouste/Uni/Vivado/ip_repo/matrix_multiplier_1.0</xilinx:tag>
        <xilinx:tag xilinx:name="ui.data.coregen.dd@318f0b2a_ARCHIVE_LOCATION">/home/fouste/Uni/Vivado/ip_repo/matrix_multiplier_1.0</xilinx:tag>
        <xilinx:tag xilinx:name="ui.data.coregen.dd@75c37a5f_ARCHIVE_LOCATION">/home/fouste/Uni/Vivado/ip_repo/matrix_multiplier_1.0</xilinx:tag>
        <xilinx:tag xilinx:name="ui.data.coregen.dd@1c9b42b_ARCHIVE_LOCATION">/home/fouste/Uni/Vivado/ip_repo/matrix_multiplier_1.0</xilinx:tag>
        <xilinx:tag xilinx:name="ui.data.coregen.dd@e82ad81_ARCHIVE_LOCATION">/home/fouste/Uni/Vivado/ip_repo/matrix_multiplier_1.0</xilinx:tag>
        <xilinx:tag xilinx:name="ui.data.coregen.dd@20dc4507_ARCHIVE_LOCATION">/home/fouste/Uni/Vivado/ip_repo/matrix_multiplier_1.0</xilinx:tag>
        <xilinx:tag xilinx:name="ui.data.coregen.dd@749d2de6_ARCHIVE_LOCATION">/home/fouste/Uni/Vivado/ip_repo/matrix_multiplier_1.0</xilinx:tag>
        <xilinx:tag xilinx:name="ui.data.coregen.dd@635fba98_ARCHIVE_LOCATION">/home/fouste/Uni/Vivado/ip_repo/matrix_multiplier_1.0</xilinx:tag>
        <xilinx:tag xilinx:name="ui.data.coregen.dd@4d6bce17_ARCHIVE_LOCATION">/home/fouste/Uni/Vivado/ip_repo/matrix_multiplier_1.0</xilinx:tag>
        <xilinx:tag xilinx:name="ui.data.coregen.dd@5ad9e62e_ARCHIVE_LOCATION">/home/fouste/Uni/Vivado/ip_repo/matrix_multiplier_1.0</xilinx:tag>
        <xilinx:tag xilinx:name="ui.data.coregen.dd@7b4fa1c_ARCHIVE_LOCATION">/home/fouste/Uni/Vivado/ip_repo/matrix_multiplier_1.0</xilinx:tag>
        <xilinx:tag xilinx:name="ui.data.coregen.dd@7fd3d116_ARCHIVE_LOCATION">/home/fouste/Uni/Vivado/ip_repo/matrix_multiplier_1.0</xilinx:tag>
        <xilinx:tag xilinx:name="ui.data.coregen.dd@146c3c82_ARCHIVE_LOCATION">/home/fouste/Uni/Vivado/ip_repo/matrix_multiplier_1.0</xilinx:tag>
        <xilinx:tag xilinx:name="ui.data.coregen.dd@538f9b4_ARCHIVE_LOCATION">/home/fouste/Uni/Vivado/ip_repo/matrix_multiplier_1.0</xilinx:tag>
        <xilinx:tag xilinx:name="ui.data.coregen.dd@d392453_ARCHIVE_LOCATION">/home/fouste/Uni/Vivado/ip_repo/matrix_multiplier_1.0</xilinx:tag>
        <xilinx:tag xilinx:name="ui.data.coregen.dd@5994d3bf_ARCHIVE_LOCATION">/home/fouste/Uni/Vivado/ip_repo/matrix_multiplier_1.0</xilinx:tag>
        <xilinx:tag xilinx:name="ui.data.coregen.dd@4c9f84b1_ARCHIVE_LOCATION">/home/fouste/Uni/Vivado/ip_repo/matrix_multiplier_1.0</xilinx:tag>
        <xilinx:tag xilinx:name="ui.data.coregen.dd@708e2a9f_ARCHIVE_LOCATION">/home/fouste/Uni/Vivado/ip_repo/matrix_multiplier_1.0</xilinx:tag>
        <xilinx:tag xilinx:name="ui.data.coregen.dd@437fdd85_ARCHIVE_LOCATION">/home/fouste/Uni/Vivado/ip_repo/matrix_multiplier_1.0</xilinx:tag>
        <xilinx:tag xilinx:name="ui.data.coregen.dd@326c9079_ARCHIVE_LOCATION">/home/fouste/Uni/Vivado/ip_repo/matrix_multiplier_1.0</xilinx:tag>
        <xilinx:tag xilinx:name="ui.data.coregen.dd@48a8e16_ARCHIVE_LOCATION">/home/fouste/Uni/Vivado/ip_repo/matrix_multiplier_1.0</xilinx:tag>
        <xilinx:tag xilinx:name="ui.data.coregen.dd@290ff3a1_ARCHIVE_LOCATION">/home/fouste/Uni/Vivado/ip_repo/matrix_multiplier_1.0</xilinx:tag>
        <xilinx:tag xilinx:name="ui.data.coregen.dd@39e7621e_ARCHIVE_LOCATION">/home/fouste/Uni/Vivado/ip_repo/matrix_multiplier_1.0</xilinx:tag>
        <xilinx:tag xilinx:name="ui.data.coregen.dd@4e8ee692_ARCHIVE_LOCATION">/home/fouste/Uni/Vivado/ip_repo/matrix_multiplier_1.0</xilinx:tag>
        <xilinx:tag xilinx:name="ui.data.coregen.dd@57b68f88_ARCHIVE_LOCATION">/home/fouste/Uni/Vivado/ip_repo/matrix_multiplier_1.0</xilinx:tag>
        <xilinx:tag xilinx:name="ui.data.coregen.dd@2019658f_ARCHIVE_LOCATION">/home/fouste/Uni/Vivado/ip_repo/matrix_multiplier_1.0</xilinx:tag>
        <xilinx:tag xilinx:name="ui.data.coregen.dd@2856171_ARCHIVE_LOCATION">/home/fouste/Uni/Vivado/ip_repo/matrix_multiplier_1.0</xilinx:tag>
        <xilinx:tag xilinx:name="ui.data.coregen.dd@17a5d4ec_ARCHIVE_LOCATION">/home/fouste/Uni/Vivado/ip_repo/matrix_multiplier_1.0</xilinx:tag>
        <xilinx:tag xilinx:name="ui.data.coregen.dd@2c1c5e0c_ARCHIVE_LOCATION">/home/fouste/Uni/Vivado/ip_repo/matrix_multiplier_1.0</xilinx:tag>
        <xilinx:tag xilinx:name="ui.data.coregen.dd@4828d760_ARCHIVE_LOCATION">/home/fouste/Uni/Vivado/ip_repo/matrix_multiplier_1.0</xilinx:tag>
        <xilinx:tag xilinx:name="ui.data.coregen.dd@54412a39_ARCHIVE_LOCATION">/home/fouste/Uni/Vivado/ip_repo/matrix_multiplier_1.0</xilinx:tag>
        <xilinx:tag xilinx:name="ui.data.coregen.dd@196f20_ARCHIVE_LOCATION">/home/fouste/Uni/Vivado/ip_repo/matrix_multiplier_1.0</xilinx:tag>
        <xilinx:tag xilinx:name="ui.data.coregen.dd@3ace1c9f_ARCHIVE_LOCATION">/home/fouste/Uni/Vivado/ip_repo/matrix_multiplier_1.0</xilinx:tag>
        <xilinx:tag xilinx:name="ui.data.coregen.dd@4454ce4a_ARCHIVE_LOCATION">/home/fouste/Uni/Vivado/ip_repo/matrix_multiplier_1.0</xilinx:tag>
        <xilinx:tag xilinx:name="ui.data.coregen.dd@413373c4_ARCHIVE_LOCATION">/home/fouste/Uni/Vivado/ip_repo/matrix_multiplier_1.0</xilinx:tag>
        <xilinx:tag xilinx:name="ui.data.coregen.dd@4df43fe0_ARCHIVE_LOCATION">/home/fouste/Uni/Vivado/ip_repo/matrix_multiplier_1.0</xilinx:tag>
        <xilinx:tag xilinx:name="ui.data.coregen.dd@69905730_ARCHIVE_LOCATION">/home/fouste/Uni/Vivado/ip_repo/matrix_multiplier_1.0</xilinx:tag>
        <xilinx:tag xilinx:name="ui.data.coregen.dd@46fe3e82_ARCHIVE_LOCATION">/home/fouste/Uni/Vivado/ip_repo/matrix_multiplier_1.0</xilinx:tag>
        <xilinx:tag xilinx:name="ui.data.coregen.dd@29f66d07_ARCHIVE_LOCATION">/home/fouste/Uni/Vivado/ip_repo/matrix_multiplier_1.0</xilinx:tag>
        <xilinx:tag xilinx:name="ui.data.coregen.dd@456a463_ARCHIVE_LOCATION">/home/fouste/Uni/Vivado/ip_repo/matrix_multiplier_1.0</xilinx:tag>
        <xilinx:tag xilinx:name="ui.data.coregen.dd@661b1ccf_ARCHIVE_LOCATION">/home/fouste/Uni/Vivado/ip_repo/matrix_multiplier_1.0</xilinx:tag>
        <xilinx:tag xilinx:name="ui.data.coregen.dd@52587cc9_ARCHIVE_LOCATION">/home/fouste/Uni/Vivado/ip_repo/matrix_multiplier_1.0</xilinx:tag>
        <xilinx:tag xilinx:name="ui.data.coregen.dd@40e31808_ARCHIVE_LOCATION">/home/fouste/Uni/Vivado/ip_repo/matrix_multiplier_1.0</xilinx:tag>
        <xilinx:tag xilinx:name="ui.data.coregen.dd@54339478_ARCHIVE_LOCATION">/home/fouste/Uni/Vivado/ip_repo/matrix_multiplier_1.0</xilinx:tag>
        <xilinx:tag xilinx:name="ui.data.coregen.dd@4afa209d_ARCHIVE_LOCATION">/home/fouste/Uni/Vivado/ip_repo/matrix_multiplier_1.0</xilinx:tag>
        <xilinx:tag xilinx:name="ui.data.coregen.dd@4b052d6d_ARCHIVE_LOCATION">/home/fouste/Uni/Vivado/ip_repo/matrix_multiplier_1.0</xilinx:tag>
        <xilinx:tag xilinx:name="ui.data.coregen.dd@54727017_ARCHIVE_LOCATION">/home/fouste/Uni/Vivado/ip_repo/matrix_multiplier_1.0</xilinx:tag>
        <xilinx:tag xilinx:name="ui.data.coregen.dd@e8ea7bd_ARCHIVE_LOCATION">/home/fouste/Uni/Vivado/ip_repo/matrix_multiplier_1.0</xilinx:tag>
        <xilinx:tag xilinx:name="ui.data.coregen.dd@e52f92_ARCHIVE_LOCATION">/home/fouste/Uni/Vivado/ip_repo/matrix_multiplier_1.0</xilinx:tag>
        <xilinx:tag xilinx:name="ui.data.coregen.dd@56cea218_ARCHIVE_LOCATION">/home/fouste/Uni/Vivado/ip_repo/matrix_multiplier_1.0</xilinx:tag>
        <xilinx:tag xilinx:name="ui.data.coregen.dd@497435ac_ARCHIVE_LOCATION">/home/fouste/Uni/Vivado/ip_repo/matrix_multiplier_1.0</xilinx:tag>
        <xilinx:tag xilinx:name="ui.data.coregen.dd@407ac168_ARCHIVE_LOCATION">/home/fouste/Uni/Vivado/ip_repo/matrix_multiplier_1.0</xilinx:tag>
        <xilinx:tag xilinx:name="ui.data.coregen.dd@66f51b7d_ARCHIVE_LOCATION">/home/fouste/Uni/Vivado/ip_repo/matrix_multiplier_1.0</xilinx:tag>
        <xilinx:tag xilinx:name="ui.data.coregen.dd@41d32ee_ARCHIVE_LOCATION">/home/fouste/Uni/Vivado/ip_repo/matrix_multiplier_1.0</xilinx:tag>
        <xilinx:tag xilinx:name="ui.data.coregen.dd@3f232ed5_ARCHIVE_LOCATION">/home/fouste/Uni/Vivado/ip_repo/matrix_multiplier_1.0</xilinx:tag>
        <xilinx:tag xilinx:name="ui.data.coregen.dd@b5fa25e_ARCHIVE_LOCATION">/home/fouste/Uni/Vivado/ip_repo/matrix_multiplier_1.0</xilinx:tag>
        <xilinx:tag xilinx:name="ui.data.coregen.dd@6de01cfe_ARCHIVE_LOCATION">/home/fouste/Uni/Vivado/ip_repo/matrix_multiplier_1.0</xilinx:tag>
        <xilinx:tag xilinx:name="ui.data.coregen.dd@49b654f3_ARCHIVE_LOCATION">/home/fouste/Uni/Vivado/ip_repo/matrix_multiplier_1.0</xilinx:tag>
        <xilinx:tag xilinx:name="ui.data.coregen.dd@36f18130_ARCHIVE_LOCATION">/home/fouste/Uni/Vivado/ip_repo/matrix_multiplier_1.0</xilinx:tag>
        <xilinx:tag xilinx:name="ui.data.coregen.dd@30253222_ARCHIVE_LOCATION">/home/fouste/Uni/Vivado/ip_repo/matrix_multiplier_1.0</xilinx:tag>
        <xilinx:tag xilinx:name="ui.data.coregen.dd@5a1ab9db_ARCHIVE_LOCATION">/home/fouste/Uni/Vivado/ip_repo/matrix_multiplier_1.0</xilinx:tag>
        <xilinx:tag xilinx:name="ui.data.coregen.dd@318818b_ARCHIVE_LOCATION">/home/fouste/Uni/Vivado/ip_repo/matrix_multiplier_1.0</xilinx:tag>
        <xilinx:tag xilinx:name="ui.data.coregen.dd@3bf553cd_ARCHIVE_LOCATION">/home/fouste/Uni/Vivado/ip_repo/matrix_multiplier_1.0</xilinx:tag>
        <xilinx:tag xilinx:name="ui.data.coregen.dd@1e4fb313_ARCHIVE_LOCATION">/home/fouste/Uni/Vivado/ip_repo/matrix_multiplier_1.0</xilinx:tag>
        <xilinx:tag xilinx:name="ui.data.coregen.dd@74099f30_ARCHIVE_LOCATION">/home/fouste/Uni/Vivado/ip_repo/matrix_multiplier_1.0</xilinx:tag>
        <xilinx:tag xilinx:name="ui.data.coregen.dd@329a4fed_ARCHIVE_LOCATION">/home/fouste/Uni/Vivado/ip_repo/matrix_multiplier_1.0</xilinx:tag>
        <xilinx:tag xilinx:name="ui.data.coregen.dd@4199b487_ARCHIVE_LOCATION">/home/fouste/Uni/Vivado/ip_repo/matrix_multiplier_1.0</xilinx:tag>
        <xilinx:tag xilinx:name="ui.data.coregen.dd@4cdab9ab_ARCHIVE_LOCATION">/home/fouste/Uni/Vivado/ip_repo/matrix_multiplier_1.0</xilinx:tag>
        <xilinx:tag xilinx:name="ui.data.coregen.dd@464b00c6_ARCHIVE_LOCATION">/home/fouste/Uni/Vivado/ip_repo/matrix_multiplier_1.0</xilinx:tag>
        <xilinx:tag xilinx:name="ui.data.coregen.dd@5fa33d13_ARCHIVE_LOCATION">/home/fouste/Uni/Vivado/ip_repo/matrix_multiplier_1.0</xilinx:tag>
        <xilinx:tag xilinx:name="ui.data.coregen.dd@4dc4274c_ARCHIVE_LOCATION">/home/fouste/Uni/Vivado/ip_repo/matrix_multiplier_1.0</xilinx:tag>
        <xilinx:tag xilinx:name="ui.data.coregen.dd@f3aca52_ARCHIVE_LOCATION">/home/fouste/Uni/Vivado/ip_repo/matrix_multiplier_1.0</xilinx:tag>
        <xilinx:tag xilinx:name="ui.data.coregen.dd@3c1187da_ARCHIVE_LOCATION">/home/fouste/Uni/Vivado/ip_repo/matrix_multiplier_1.0</xilinx:tag>
        <xilinx:tag xilinx:name="ui.data.coregen.dd@45142890_ARCHIVE_LOCATION">/home/fouste/Uni/Vivado/ip_repo/matrix_multiplier_1.0</xilinx:tag>
        <xilinx:tag xilinx:name="ui.data.coregen.dd@1225b710_ARCHIVE_LOCATION">/home/fouste/Uni/Vivado/ip_repo/matrix_multiplier_1.0</xilinx:tag>
        <xilinx:tag xilinx:name="ui.data.coregen.dd@39a93470_ARCHIVE_LOCATION">/home/fouste/Uni/Vivado/ip_repo/matrix_multiplier_1.0</xilinx:tag>
        <xilinx:tag xilinx:name="ui.data.coregen.dd@12802263_ARCHIVE_LOCATION">/home/fouste/Uni/Vivado/ip_repo/matrix_multiplier_1.0</xilinx:tag>
        <xilinx:tag xilinx:name="ui.data.coregen.dd@7f451a1d_ARCHIVE_LOCATION">/home/fouste/Uni/Vivado/ip_repo/matrix_multiplier_1.0</xilinx:tag>
        <xilinx:tag xilinx:name="ui.data.coregen.dd@32bc2156_ARCHIVE_LOCATION">/home/fouste/Uni/Vivado/ip_repo/matrix_multiplier_1.0</xilinx:tag>
        <xilinx:tag xilinx:name="ui.data.coregen.dd@49fa9d00_ARCHIVE_LOCATION">/home/fouste/Uni/Vivado/ip_repo/matrix_multiplier_1.0</xilinx:tag>
        <xilinx:tag xilinx:name="ui.data.coregen.dd@36449e4f_ARCHIVE_LOCATION">/home/fouste/Uni/Vivado/ip_repo/matrix_multiplier_1.0</xilinx:tag>
        <xilinx:tag xilinx:name="ui.data.coregen.dd@6e0aeb1d_ARCHIVE_LOCATION">/home/fouste/Uni/Vivado/ip_repo/matrix_multiplier_1.0</xilinx:tag>
        <xilinx:tag xilinx:name="ui.data.coregen.dd@71d5093e_ARCHIVE_LOCATION">/home/fouste/Uni/Vivado/ip_repo/matrix_multiplier_1.0</xilinx:tag>
        <xilinx:tag xilinx:name="ui.data.coregen.dd@4ef2fba_ARCHIVE_LOCATION">/home/fouste/Uni/Vivado/ip_repo/matrix_multiplier_1.0</xilinx:tag>
        <xilinx:tag xilinx:name="ui.data.coregen.dd@792f0133_ARCHIVE_LOCATION">/home/fouste/Uni/Vivado/ip_repo/matrix_multiplier_1.0</xilinx:tag>
        <xilinx:tag xilinx:name="ui.data.coregen.dd@26c562c9_ARCHIVE_LOCATION">/home/fouste/Uni/Vivado/ip_repo/matrix_multiplier_1.0</xilinx:tag>
        <xilinx:tag xilinx:name="ui.data.coregen.dd@ddddded_ARCHIVE_LOCATION">/home/fouste/Uni/Vivado/ip_repo/matrix_multiplier_1.0</xilinx:tag>
        <xilinx:tag xilinx:name="ui.data.coregen.dd@3cefc8a8_ARCHIVE_LOCATION">/home/fouste/Uni/Vivado/ip_repo/matrix_multiplier_1.0</xilinx:tag>
        <xilinx:tag xilinx:name="ui.data.coregen.dd@32dfae40_ARCHIVE_LOCATION">/home/fouste/Uni/Vivado/ip_repo/matrix_multiplier_1.0</xilinx:tag>
        <xilinx:tag xilinx:name="ui.data.coregen.dd@71e57f7_ARCHIVE_LOCATION">/home/fouste/Uni/Vivado/ip_repo/matrix_multiplier_1.0</xilinx:tag>
        <xilinx:tag xilinx:name="ui.data.coregen.dd@5ff6500c_ARCHIVE_LOCATION">/home/fouste/Uni/Vivado/ip_repo/matrix_multiplier_1.0</xilinx:tag>
        <xilinx:tag xilinx:name="ui.data.coregen.dd@17cc0797_ARCHIVE_LOCATION">/home/fouste/Uni/Vivado/ip_repo/matrix_multiplier_1.0</xilinx:tag>
        <xilinx:tag xilinx:name="ui.data.coregen.dd@f9b9be1_ARCHIVE_LOCATION">/home/fouste/Uni/Vivado/ip_repo/matrix_multiplier_1.0</xilinx:tag>
        <xilinx:tag xilinx:name="ui.data.coregen.dd@7f55b1f8_ARCHIVE_LOCATION">/home/fouste/Uni/Vivado/ip_repo/matrix_multiplier_1.0</xilinx:tag>
        <xilinx:tag xilinx:name="ui.data.coregen.dd@6f60f4c6_ARCHIVE_LOCATION">/home/fouste/Uni/Vivado/ip_repo/matrix_multiplier_1.0</xilinx:tag>
        <xilinx:tag xilinx:name="ui.data.coregen.dd@32b8b3fe_ARCHIVE_LOCATION">/home/fouste/Uni/Vivado/ip_repo/matrix_multiplier_1.0</xilinx:tag>
        <xilinx:tag xilinx:name="ui.data.coregen.dd@259f2e14_ARCHIVE_LOCATION">/home/fouste/Uni/Vivado/ip_repo/matrix_multiplier_1.0</xilinx:tag>
        <xilinx:tag xilinx:name="ui.data.coregen.dd@10616551_ARCHIVE_LOCATION">/home/fouste/Uni/Vivado/ip_repo/matrix_multiplier_1.0</xilinx:tag>
        <xilinx:tag xilinx:name="ui.data.coregen.dd@3ec4d6d5_ARCHIVE_LOCATION">/home/fouste/Uni/Vivado/ip_repo/matrix_multiplier_1.0</xilinx:tag>
        <xilinx:tag xilinx:name="ui.data.coregen.dd@7b899400_ARCHIVE_LOCATION">/home/fouste/Uni/Vivado/ip_repo/matrix_multiplier_1.0</xilinx:tag>
        <xilinx:tag xilinx:name="ui.data.coregen.dd@2f752a97_ARCHIVE_LOCATION">/home/fouste/Uni/Vivado/ip_repo/matrix_multiplier_1.0</xilinx:tag>
        <xilinx:tag xilinx:name="ui.data.coregen.dd@7457d2c5_ARCHIVE_LOCATION">/home/fouste/Uni/Vivado/ip_repo/matrix_multiplier_1.0</xilinx:tag>
        <xilinx:tag xilinx:name="ui.data.coregen.dd@73a49d9f_ARCHIVE_LOCATION">/home/fouste/Uni/Vivado/ip_repo/matrix_multiplier_1.0</xilinx:tag>
        <xilinx:tag xilinx:name="ui.data.coregen.dd@5ca7bcac_ARCHIVE_LOCATION">/home/fouste/Uni/Vivado/ip_repo/matrix_multiplier_1.0</xilinx:tag>
        <xilinx:tag xilinx:name="ui.data.coregen.dd@7bc21df6_ARCHIVE_LOCATION">/home/fouste/Uni/Vivado/ip_repo/matrix_multiplier_1.0</xilinx:tag>
        <xilinx:tag xilinx:name="ui.data.coregen.dd@37f9a3ca_ARCHIVE_LOCATION">/home/fouste/Uni/Vivado/ip_repo/matrix_multiplier_1.0</xilinx:tag>
        <xilinx:tag xilinx:name="ui.data.coregen.dd@4075d965_ARCHIVE_LOCATION">/home/fouste/Uni/Vivado/ip_repo/matrix_multiplier_1.0</xilinx:tag>
        <xilinx:tag xilinx:name="ui.data.coregen.dd@36357522_ARCHIVE_LOCATION">/home/fouste/Uni/Vivado/ip_repo/matrix_multiplier_1.0</xilinx:tag>
        <xilinx:tag xilinx:name="ui.data.coregen.dd@77dcc70f_ARCHIVE_LOCATION">/home/fouste/Uni/Vivado/ip_repo/matrix_multiplier_1.0</xilinx:tag>
        <xilinx:tag xilinx:name="ui.data.coregen.dd@c6c5309_ARCHIVE_LOCATION">/home/fouste/Uni/Vivado/ip_repo/matrix_multiplier_1.0</xilinx:tag>
        <xilinx:tag xilinx:name="ui.data.coregen.dd@15d7a5f7_ARCHIVE_LOCATION">/home/fouste/Uni/Vivado/ip_repo/matrix_multiplier_1.0</xilinx:tag>
        <xilinx:tag xilinx:name="ui.data.coregen.dd@31859604_ARCHIVE_LOCATION">/home/fouste/Uni/Vivado/ip_repo/matrix_multiplier_1.0</xilinx:tag>
        <xilinx:tag xilinx:name="ui.data.coregen.dd@2541568e_ARCHIVE_LOCATION">/home/fouste/Uni/Vivado/ip_repo/matrix_multiplier_1.0</xilinx:tag>
        <xilinx:tag xilinx:name="ui.data.coregen.dd@3b5c83da_ARCHIVE_LOCATION">/home/fouste/Uni/Vivado/ip_repo/matrix_multiplier_1.0</xilinx:tag>
        <xilinx:tag xilinx:name="ui.data.coregen.dd@444aae2e_ARCHIVE_LOCATION">/home/fouste/Uni/Vivado/ip_repo/matrix_multiplier_1.0</xilinx:tag>
        <xilinx:tag xilinx:name="ui.data.coregen.dd@3afda469_ARCHIVE_LOCATION">/home/fouste/Uni/Vivado/ip_repo/matrix_multiplier_1.0</xilinx:tag>
        <xilinx:tag xilinx:name="ui.data.coregen.dd@5040c8fd_ARCHIVE_LOCATION">/home/fouste/Uni/Vivado/ip_repo/matrix_multiplier_1.0</xilinx:tag>
        <xilinx:tag xilinx:name="ui.data.coregen.dd@7a53e404_ARCHIVE_LOCATION">/home/fouste/Uni/Vivado/ip_repo/matrix_multiplier_1.0</xilinx:tag>
        <xilinx:tag xilinx:name="ui.data.coregen.dd@5ef42a87_ARCHIVE_LOCATION">/home/fouste/Uni/Vivado/ip_repo/matrix_multiplier_1.0</xilinx:tag>
        <xilinx:tag xilinx:name="ui.data.coregen.dd@c9010c5_ARCHIVE_LOCATION">/home/fouste/Uni/Vivado/ip_repo/matrix_multiplier_1.0</xilinx:tag>
        <xilinx:tag xilinx:name="ui.data.coregen.dd@35af94b1_ARCHIVE_LOCATION">/home/fouste/Uni/Vivado/ip_repo/matrix_multiplier_1.0</xilinx:tag>
        <xilinx:tag xilinx:name="ui.data.coregen.dd@6ca1f96a_ARCHIVE_LOCATION">/home/fouste/Uni/Vivado/ip_repo/matrix_multiplier_1.0</xilinx:tag>
        <xilinx:tag xilinx:name="ui.data.coregen.dd@785fac16_ARCHIVE_LOCATION">/home/fouste/Uni/Vivado/ip_repo/matrix_multiplier_1.0</xilinx:tag>
        <xilinx:tag xilinx:name="ui.data.coregen.dd@2ded6b04_ARCHIVE_LOCATION">/home/fouste/Uni/Vivado/ip_repo/matrix_multiplier_1.0</xilinx:tag>
        <xilinx:tag xilinx:name="ui.data.coregen.dd@5ecae179_ARCHIVE_LOCATION">/home/fouste/Uni/Vivado/ip_repo/matrix_multiplier_1.0</xilinx:tag>
        <xilinx:tag xilinx:name="ui.data.coregen.dd@4ade8dbf_ARCHIVE_LOCATION">/home/fouste/Uni/Vivado/ip_repo/matrix_multiplier_1.0</xilinx:tag>
        <xilinx:tag xilinx:name="ui.data.coregen.dd@3df24846_ARCHIVE_LOCATION">/home/fouste/Uni/Vivado/ip_repo/matrix_multiplier_1.0</xilinx:tag>
        <xilinx:tag xilinx:name="ui.data.coregen.dd@5609fb9d_ARCHIVE_LOCATION">/home/fouste/Uni/Vivado/ip_repo/matrix_multiplier_1.0</xilinx:tag>
        <xilinx:tag xilinx:name="ui.data.coregen.dd@6bd59407_ARCHIVE_LOCATION">/home/fouste/Uni/Vivado/ip_repo/matrix_multiplier_1.0</xilinx:tag>
        <xilinx:tag xilinx:name="ui.data.coregen.dd@29b5594f_ARCHIVE_LOCATION">/home/fouste/Uni/Vivado/ip_repo/matrix_multiplier_1.0</xilinx:tag>
        <xilinx:tag xilinx:name="ui.data.coregen.dd@29be12f0_ARCHIVE_LOCATION">/home/fouste/Uni/Vivado/ip_repo/matrix_multiplier_1.0</xilinx:tag>
        <xilinx:tag xilinx:name="ui.data.coregen.dd@2b310a6_ARCHIVE_LOCATION">/home/fouste/Uni/Vivado/ip_repo/matrix_multiplier_1.0</xilinx:tag>
        <xilinx:tag xilinx:name="ui.data.coregen.dd@17153a99_ARCHIVE_LOCATION">/home/fouste/Uni/Vivado/ip_repo/matrix_multiplier_1.0</xilinx:tag>
        <xilinx:tag xilinx:name="ui.data.coregen.dd@42b30bf2_ARCHIVE_LOCATION">/home/fouste/Uni/Vivado/ip_repo/matrix_multiplier_1.0</xilinx:tag>
        <xilinx:tag xilinx:name="ui.data.coregen.dd@1aa0ffd3_ARCHIVE_LOCATION">/home/fouste/Uni/Vivado/ip_repo/matrix_multiplier_1.0</xilinx:tag>
        <xilinx:tag xilinx:name="ui.data.coregen.dd@7db63469_ARCHIVE_LOCATION">/home/fouste/Uni/Vivado/ip_repo/matrix_multiplier_1.0</xilinx:tag>
        <xilinx:tag xilinx:name="ui.data.coregen.dd@6a29b192_ARCHIVE_LOCATION">/home/fouste/Uni/Vivado/ip_repo/matrix_multiplier_1.0</xilinx:tag>
        <xilinx:tag xilinx:name="ui.data.coregen.dd@17abf578_ARCHIVE_LOCATION">/home/fouste/Uni/Vivado/ip_repo/matrix_multiplier_1.0</xilinx:tag>
        <xilinx:tag xilinx:name="ui.data.coregen.dd@21563b79_ARCHIVE_LOCATION">/home/fouste/Uni/Vivado/ip_repo/matrix_multiplier_1.0</xilinx:tag>
        <xilinx:tag xilinx:name="ui.data.coregen.dd@6c1c9f2d_ARCHIVE_LOCATION">/home/fouste/Uni/Vivado/ip_repo/matrix_multiplier_1.0</xilinx:tag>
        <xilinx:tag xilinx:name="ui.data.coregen.dd@6780c9bf_ARCHIVE_LOCATION">/home/fouste/Uni/Vivado/ip_repo/matrix_multiplier_1.0</xilinx:tag>
        <xilinx:tag xilinx:name="ui.data.coregen.dd@5e37cecc_ARCHIVE_LOCATION">/home/fouste/Uni/Vivado/ip_repo/matrix_multiplier_1.0</xilinx:tag>
        <xilinx:tag xilinx:name="ui.data.coregen.dd@52ad6cbe_ARCHIVE_LOCATION">/home/fouste/Uni/Vivado/ip_repo/matrix_multiplier_1.0</xilinx:tag>
        <xilinx:tag xilinx:name="ui.data.coregen.dd@23c864ed_ARCHIVE_LOCATION">/home/fouste/Uni/Vivado/ip_repo/matrix_multiplier_1.0</xilinx:tag>
        <xilinx:tag xilinx:name="ui.data.coregen.dd@ee157d1_ARCHIVE_LOCATION">/home/fouste/Uni/Vivado/ip_repo/matrix_multiplier_1.0</xilinx:tag>
        <xilinx:tag xilinx:name="ui.data.coregen.dd@1d531a04_ARCHIVE_LOCATION">/home/fouste/Uni/Vivado/ip_repo/matrix_multiplier_1.0</xilinx:tag>
        <xilinx:tag xilinx:name="ui.data.coregen.dd@6d194656_ARCHIVE_LOCATION">/home/fouste/Uni/Vivado/ip_repo/matrix_multiplier_1.0</xilinx:tag>
        <xilinx:tag xilinx:name="ui.data.coregen.dd@74543f60_ARCHIVE_LOCATION">/home/fouste/Uni/Vivado/ip_repo/matrix_multiplier_1.0</xilinx:tag>
        <xilinx:tag xilinx:name="ui.data.coregen.dd@474844b9_ARCHIVE_LOCATION">/home/fouste/Uni/Vivado/ip_repo/matrix_multiplier_1.0</xilinx:tag>
        <xilinx:tag xilinx:name="ui.data.coregen.dd@67ee35d8_ARCHIVE_LOCATION">/home/fouste/Uni/Vivado/ip_repo/matrix_multiplier_1.0</xilinx:tag>
        <xilinx:tag xilinx:name="ui.data.coregen.dd@f44b35c_ARCHIVE_LOCATION">/home/fouste/Uni/Vivado/ip_repo/matrix_multiplier_1.0</xilinx:tag>
        <xilinx:tag xilinx:name="ui.data.coregen.dd@672d7747_ARCHIVE_LOCATION">/home/fouste/Uni/Vivado/ip_repo/matrix_multiplier_1.0</xilinx:tag>
        <xilinx:tag xilinx:name="ui.data.coregen.dd@7e60b21e_ARCHIVE_LOCATION">/home/fouste/Uni/Vivado/ip_repo/matrix_multiplier_1.0</xilinx:tag>
        <xilinx:tag xilinx:name="ui.data.coregen.dd@3e9abc9b_ARCHIVE_LOCATION">/home/fouste/Uni/Vivado/ip_repo/matrix_multiplier_1.0</xilinx:tag>
        <xilinx:tag xilinx:name="ui.data.coregen.dd@1f631253_ARCHIVE_LOCATION">/home/fouste/Uni/Vivado/ip_repo/matrix_multiplier_1.0</xilinx:tag>
        <xilinx:tag xilinx:name="ui.data.coregen.dd@72e4c7b5_ARCHIVE_LOCATION">/home/fouste/Uni/Vivado/ip_repo/matrix_multiplier_1.0</xilinx:tag>
        <xilinx:tag xilinx:name="ui.data.coregen.dd@3b974372_ARCHIVE_LOCATION">/home/fouste/Uni/Vivado/ip_repo/matrix_multiplier_1.0</xilinx:tag>
        <xilinx:tag xilinx:name="ui.data.coregen.dd@37c138c9_ARCHIVE_LOCATION">/home/fouste/Uni/Vivado/ip_repo/matrix_multiplier_1.0</xilinx:tag>
        <xilinx:tag xilinx:name="ui.data.coregen.dd@4d797538_ARCHIVE_LOCATION">/home/fouste/Uni/Vivado/ip_repo/matrix_multiplier_1.0</xilinx:tag>
        <xilinx:tag xilinx:name="ui.data.coregen.dd@3867f076_ARCHIVE_LOCATION">/home/fouste/Uni/Vivado/ip_repo/matrix_multiplier_1.0</xilinx:tag>
        <xilinx:tag xilinx:name="ui.data.coregen.dd@5724402d_ARCHIVE_LOCATION">/home/fouste/Uni/Vivado/ip_repo/matrix_multiplier_1.0</xilinx:tag>
      </xilinx:tags>
    </xilinx:coreExtensions>
    <xilinx:packagingInfo>
      <xilinx:xilinxVersion>2020.1</xilinx:xilinxVersion>
      <xilinx:checksum xilinx:scope="busInterfaces" xilinx:value="8c61dafe"/>
      <xilinx:checksum xilinx:scope="memoryMaps" xilinx:value="ed1368d5"/>
      <xilinx:checksum xilinx:scope="fileGroups" xilinx:value="c0dc1684"/>
      <xilinx:checksum xilinx:scope="ports" xilinx:value="538b0bbb"/>
      <xilinx:checksum xilinx:scope="hdlParameters" xilinx:value="2e811c89"/>
      <xilinx:checksum xilinx:scope="parameters" xilinx:value="def2a943"/>
    </xilinx:packagingInfo>
  </spirit:vendorExtensions>
</spirit:component>
